City_ID,City,Country,Lat,Lng,Max Temp,Humidity,Cloudiness,Wind Speed,Current Description
0,Dombas,NO,62.0696,9.1235,5.72,99,91,2.53,overcast clouds
1,Fuxin,CN,42.0156,121.6589,13.01,47,0,7.61,clear sky
2,Ermelo,ZA,-26.5333,29.9833,54.54,71,10,3.4,clear sky
3,Newport Beach,US,33.6189,-117.9289,63.09,74,75,1.01,broken clouds
4,Khatanga,RU,71.9667,102.5,-37.68,99,20,2.37,few clouds
5,Tazovskiy,RU,67.4667,78.7,-9.94,100,90,4.65,overcast clouds
6,Barrow,US,71.2906,-156.7887,-16.58,69,0,10.36,haze
7,Butaritari,KI,3.0707,172.7902,82.0,77,18,11.72,light rain
8,Bluff,NZ,-46.6,168.3333,74.8,73,78,10.63,light rain
9,New Norfolk,AU,-42.7826,147.0587,63.66,41,58,1.99,broken clouds
10,Orocue,CO,4.7912,-71.3354,83.82,34,100,5.35,overcast clouds
11,Akdepe,TM,42.0551,59.3788,26.69,73,9,7.05,clear sky
12,Hasaki,JP,35.7333,140.8333,46.29,39,0,15.79,clear sky
13,Torbay,CA,47.6666,-52.7314,19.76,62,20,13.8,few clouds
14,Mataura,NZ,-46.1927,168.8643,74.48,89,94,1.95,overcast clouds
15,Bandarbeyla,SO,9.4942,50.8122,75.02,78,20,15.79,few clouds
16,Punta Arenas,CL,-53.15,-70.9167,46.51,66,40,21.85,scattered clouds
17,Puerto Ayora,EC,-0.7393,-90.3518,75.54,96,100,3.0,overcast clouds
18,San Quintin,MX,30.4833,-115.95,59.0,68,40,11.27,scattered clouds
19,Ushuaia,AR,-54.8,-68.3,42.46,70,40,37.98,scattered clouds
20,Kushima,JP,31.4583,131.2333,44.64,52,100,2.3,overcast clouds
21,Yellowknife,CA,62.456,-114.3525,-27.58,87,0,4.61,clear sky
22,Mattru,SL,7.6244,-11.8332,72.54,98,75,0.43,broken clouds
23,Gwembe,ZM,-16.4975,27.6069,62.29,96,14,2.73,few clouds
24,Umm Lajj,SA,25.0213,37.2685,64.54,32,0,5.5,clear sky
25,Wellington,NZ,-41.2866,174.7756,78.46,63,67,3.0,moderate rain
26,Saint-Joseph,RE,-21.3667,55.6167,79.16,92,100,23.78,moderate rain
27,Camopi,GF,3.1655,-52.3158,71.51,99,100,2.51,light rain
28,Atuona,PF,-9.8,-139.0333,78.87,73,16,19.73,few clouds
29,Pringsewu,ID,-5.3582,104.9744,71.91,99,100,2.1,light rain
30,Bethel,US,41.3712,-73.414,34.16,72,100,0.0,overcast clouds
31,Santa Isabel,BR,-23.3156,-46.2214,71.37,96,100,1.19,overcast clouds
32,Poronaysk,RU,49.2167,143.1167,11.46,80,15,5.68,few clouds
33,Busselton,AU,-33.65,115.3333,73.04,47,85,18.66,overcast clouds
34,Souillac,MU,-20.5167,57.5167,79.36,94,75,25.32,light intensity shower rain
35,Faanui,PF,-16.4833,-151.75,80.94,76,11,19.86,few clouds
36,Avera,US,33.194,-82.5271,54.91,61,20,10.69,few clouds
37,Tasiilaq,GL,65.6145,-37.6368,12.36,74,100,4.74,overcast clouds
38,Clyde River,CA,70.4692,-68.5914,-21.77,76,0,5.75,clear sky
39,Dingle,PH,10.9995,122.6711,79.77,81,100,10.47,overcast clouds
40,Tsaratanana,MG,-16.7833,47.65,69.8,82,100,6.06,overcast clouds
41,Hobart,AU,-42.8794,147.3294,59.25,51,75,1.01,broken clouds
42,Esso,RU,55.9333,158.7,21.88,92,100,11.03,light snow
43,Longyearbyen,SJ,78.2186,15.6401,22.84,63,40,2.3,scattered clouds
44,Pacific Grove,US,36.6177,-121.9166,59.23,57,0,1.99,clear sky
45,East London,ZA,-33.0153,27.9116,76.57,74,100,5.35,overcast clouds
46,Ilo,PE,-17.6394,-71.3375,70.27,79,18,7.27,few clouds
47,Thaton,MM,16.9206,97.3714,64.31,82,1,3.71,clear sky
48,Pisco,PE,-13.7,-76.2167,69.85,73,0,17.27,clear sky
49,Vestmannaeyjar,IS,63.4427,-20.2734,37.65,71,100,11.9,overcast clouds
50,Srednekolymsk,RU,67.45,153.6833,-10.75,91,100,8.7,overcast clouds
51,Esperance,AU,-33.8667,121.9,69.64,51,30,17.0,scattered clouds
52,Mana,GF,5.6592,-53.7767,77.79,81,69,11.56,broken clouds
53,Ville-Marie,CA,47.3335,-79.433,33.8,89,100,16.49,overcast clouds
54,Hermanus,ZA,-34.4187,19.2345,67.89,82,5,4.36,clear sky
55,Coquimbo,CL,-29.9533,-71.3436,64.13,88,75,8.05,broken clouds
56,Cherskiy,RU,68.75,161.3,11.35,70,100,4.85,overcast clouds
57,Codrington,AU,-38.2667,141.9667,59.92,52,100,13.89,overcast clouds
58,Antofagasta,CL,-23.65,-70.4,67.28,83,10,4.43,clear sky
59,Inhambane,MZ,-23.865,35.3833,75.04,82,28,3.91,scattered clouds
60,Kendari,ID,-3.945,122.4989,80.42,83,100,1.52,overcast clouds
61,Cape Town,ZA,-33.9258,18.4232,68.11,86,20,1.01,few clouds
62,Thompson,CA,55.7435,-97.8558,-21.84,69,0,8.05,clear sky
63,Cabo San Lucas,MX,22.8909,-109.9124,72.52,53,0,7.0,clear sky
64,Chizhou,CN,30.6578,117.4831,35.47,98,100,9.22,overcast clouds
65,Rikitea,PF,-23.1203,-134.9692,78.35,70,72,6.04,broken clouds
66,Luderitz,NA,-26.6481,15.1594,63.68,91,67,7.87,broken clouds
67,Havre-Saint-Pierre,CA,50.2334,-63.5986,10.4,77,40,10.36,scattered clouds
68,Nha Trang,VN,12.25,109.1833,78.8,82,13,5.3,few clouds
69,Carnarvon,AU,-24.8667,113.6333,84.27,70,97,13.8,overcast clouds
70,Ouro Preto Do Oeste,BR,-10.7481,-62.2158,72.81,95,99,0.6,moderate rain
71,Lebu,CL,-37.6167,-73.65,58.98,94,5,10.25,clear sky
72,Oneonta,US,42.4529,-75.0638,30.31,69,97,9.37,overcast clouds
73,Nome,US,64.5011,-165.4064,19.47,53,0,34.52,clear sky
74,Mar Del Plata,AR,-38.0023,-57.5575,71.1,79,0,5.01,clear sky
75,Okhotsk,RU,59.3833,143.3,-0.81,77,15,17.2,few clouds
76,Hithadhoo,MV,-0.6,73.0833,82.38,72,6,12.35,clear sky
77,Husavik,IS,66.0449,-17.3389,12.11,82,87,11.52,overcast clouds
78,Sitka,US,57.0531,-135.33,33.69,64,100,16.11,light snow
79,Jizan,SA,17.3333,42.6667,77.94,77,13,4.34,few clouds
80,Los Cordobas,CO,8.894,-76.3546,78.82,83,4,9.13,clear sky
81,Bredasdorp,ZA,-34.5322,20.0403,73.4,78,6,1.61,clear sky
82,Petropavlovka,RU,50.6114,105.3196,-12.12,95,35,4.12,scattered clouds
83,Nanortalik,GL,60.1432,-45.2371,8.96,67,41,15.9,scattered clouds
84,Kapaa,US,22.0752,-159.319,79.12,67,0,1.99,clear sky
85,Basco,PH,20.4487,121.9702,74.34,72,18,17.72,few clouds
86,Na Klang,TH,17.3072,102.1889,76.8,72,73,3.24,broken clouds
87,Asfi,MA,32.2994,-9.2372,58.41,50,34,13.96,scattered clouds
88,Pimentel,PE,-6.8367,-79.9342,71.08,78,11,14.27,few clouds
89,Albany,US,42.6001,-73.9662,30.78,68,100,1.99,overcast clouds
90,Ilulissat,GL,69.2167,-51.1,3.22,55,100,4.61,overcast clouds
91,Fairbanks,US,64.8378,-147.7164,-3.01,76,0,0.0,clear sky
92,Merritt,CA,50.1123,-120.7942,27.43,88,45,4.29,scattered clouds
93,Saint-Philippe,RE,-21.3585,55.7679,80.15,92,100,23.71,moderate rain
94,Te Anau,NZ,-45.4167,167.7167,66.43,97,100,5.3,light rain
95,Kodiak,US,57.79,-152.4072,38.71,87,100,5.75,mist
96,Shakhtinsk,KZ,49.71,72.5872,2.53,94,100,4.07,overcast clouds
97,Saint-Pierre,RE,-21.3393,55.4781,80.24,94,100,29.93,heavy intensity rain
98,Dryden,CA,49.7833,-92.7503,1.69,71,100,16.11,overcast clouds
99,Puerto Escondido,MX,15.85,-97.0667,79.63,73,20,16.11,few clouds
100,Emba,KZ,48.8264,58.1442,14.45,91,100,5.21,overcast clouds
101,Dunedin,NZ,-45.8742,170.5036,74.8,63,100,8.99,overcast clouds
102,Osypenko,UA,46.9136,36.8253,34.84,94,100,4.43,overcast clouds
103,Georgetown,MY,5.4112,100.3354,82.33,82,20,1.01,few clouds
104,Taoudenni,ML,22.6783,-3.9836,68.2,22,2,11.05,clear sky
105,Santiago Del Estero,AR,-27.7951,-64.2615,87.73,24,100,5.97,overcast clouds
106,Pangnirtung,CA,66.1451,-65.7125,-23.87,84,71,6.62,broken clouds
107,Kalaleh,IR,37.3807,55.4916,37.76,54,0,4.43,clear sky
108,Lishu,CN,43.3047,124.3278,8.08,57,0,10.31,clear sky
109,Ixtapa,MX,20.7,-105.2,74.43,53,0,9.22,clear sky
110,Jamestown,US,42.097,-79.2353,36.72,48,0,3.0,clear sky
111,Dikson,RU,73.5069,80.5464,2.43,94,100,16.96,overcast clouds
112,Lavrentiya,RU,65.5833,-171.0,1.58,81,1,15.43,clear sky
113,Bambous Virieux,MU,-20.3428,57.7575,79.21,94,75,25.32,light intensity shower rain
114,Ponta Do Sol,PT,32.6667,-17.1,67.12,44,100,13.91,overcast clouds
115,Poum,NC,-20.2333,164.0167,80.85,74,45,11.41,scattered clouds
116,Tooele,US,40.5308,-112.2983,26.94,64,0,0.0,clear sky
117,Tautira,PF,-17.7333,-149.15,89.62,77,19,18.12,few clouds
118,Saldanha,ZA,-33.0117,17.9442,66.25,97,55,13.06,broken clouds
119,Mikkeli,FI,61.6886,27.2723,19.51,93,100,2.3,overcast clouds
120,Beloha,MG,-25.1667,45.05,71.06,85,0,12.15,clear sky
121,Hambantota,LK,6.1241,81.1185,70.14,100,20,5.75,few clouds
122,Ozernovskiy,RU,51.5,156.5167,28.4,77,99,5.3,overcast clouds
123,Ekibastuz,KZ,51.6667,75.3667,4.96,91,15,4.25,few clouds
124,Cancun,MX,21.1743,-86.8466,75.13,73,75,5.75,broken clouds
125,Waingapu,ID,-9.6567,120.2641,84.4,68,10,13.6,clear sky
126,Delijan,IR,33.9905,50.6838,28.8,92,63,5.32,broken clouds
127,Huejuquilla El Alto,MX,22.6,-103.8667,55.98,21,0,7.92,clear sky
128,Avarua,CK,-21.2078,-159.775,82.45,78,84,12.66,broken clouds
129,Port-Gentil,GA,-0.7193,8.7815,80.91,75,100,9.46,moderate rain
130,Sao Joao Da Barra,BR,-21.6403,-41.0511,72.7,97,100,6.58,moderate rain
131,Sayyan,YE,15.1718,44.3244,52.36,41,10,6.35,clear sky
132,Aykhal,RU,66.0,111.5,-21.64,100,9,2.44,clear sky
133,Galesong,ID,-5.3166,119.3661,80.62,76,78,5.23,broken clouds
134,Mahebourg,MU,-20.4081,57.7,79.25,94,75,25.32,light intensity shower rain
135,Kralendijk,BQ,12.15,-68.2667,78.78,83,40,11.5,scattered clouds
136,Port Elizabeth,ZA,-33.918,25.5701,75.09,88,0,2.3,clear sky
137,Mayor Pablo Lagerenza,PY,-19.9309,-60.7718,81.7,53,100,5.3,overcast clouds
138,Touros,BR,-5.1989,-35.4608,77.9,77,42,9.46,scattered clouds
139,Mount Gambier,AU,-37.8333,140.7667,62.51,45,100,17.27,overcast clouds
140,Rafraf,TN,37.1904,10.1837,52.12,69,1,21.41,clear sky
141,Miandrivazo,MG,-19.5167,45.4667,79.32,77,100,2.82,overcast clouds
142,Carlagan,PH,14.975,122.0456,77.5,77,100,17.63,light rain
143,Salalah,OM,17.0151,54.0924,66.29,34,0,4.61,clear sky
144,Hereford,GB,52.0568,-2.7148,51.94,86,100,1.01,overcast clouds
145,Poddorye,RU,57.4695,31.1156,18.72,96,100,4.85,overcast clouds
146,San Patricio,US,28.017,-97.5169,65.08,76,28,7.94,scattered clouds
147,Pilar,BR,-9.5972,-35.9567,76.93,87,2,3.89,clear sky
148,Waipawa,NZ,-41.4122,175.5153,75.83,42,40,9.8,light rain
149,Caraballeda,VE,10.6112,-66.8522,78.87,69,75,5.75,broken clouds
150,Tam Ky,VN,15.5667,108.4833,71.58,83,91,3.91,overcast clouds
151,Port Lincoln,AU,-34.7333,135.8667,62.98,54,99,16.44,overcast clouds
152,Vaini,TO,-21.2,-175.2,87.96,70,40,10.36,scattered clouds
153,Hobyo,SO,5.3505,48.5268,77.18,81,100,17.02,overcast clouds
154,Belmonte,BR,-15.8631,-38.8828,79.3,84,1,8.3,clear sky
155,Muros,ES,42.7762,-9.0603,53.24,81,0,7.16,clear sky
156,Banjar,ID,-8.19,114.9675,85.86,74,86,0.89,overcast clouds
157,Amos,CA,48.5669,-78.1162,29.17,90,100,17.83,overcast clouds
158,Ahipara,NZ,-35.1667,173.1667,76.17,64,100,15.3,overcast clouds
159,Vardo,NO,70.3705,31.1107,28.18,61,100,7.27,overcast clouds
160,Culiacan,MX,24.7994,-107.3897,71.28,45,0,4.61,clear sky
161,Bukachacha,RU,52.9833,116.9167,-12.32,92,17,3.24,few clouds
162,Klaksvik,FO,62.2266,-6.589,36.52,76,100,18.66,overcast clouds
163,Lata,PT,40.1629,-8.3327,52.81,77,0,3.83,clear sky
164,Ortigueira,BR,-24.2083,-50.9494,66.38,92,100,2.84,overcast clouds
165,Nagod,IN,24.5667,80.6,56.59,55,0,3.6,clear sky
166,Tulun,RU,54.5611,100.5792,-13.81,100,96,2.77,overcast clouds
167,Vila Franca Do Campo,PT,37.7167,-25.4333,57.2,79,62,11.32,broken clouds
168,Maniitsoq,GL,65.4167,-52.9,7.99,80,100,10.42,light snow
169,Suntar,RU,62.1444,117.6319,-29.36,99,89,3.24,overcast clouds
170,Tuktoyaktuk,CA,69.4541,-133.0374,-27.4,68,20,3.44,few clouds
171,Bengkulu,ID,-3.8004,102.2655,74.5,81,100,5.1,moderate rain
172,Mitu,CO,1.1983,-70.1733,76.21,64,100,2.59,overcast clouds
173,Adrar,MR,20.5022,-10.0711,69.13,18,98,10.16,overcast clouds
174,Komsomolskiy,UZ,40.4272,71.7189,30.92,74,100,6.91,mist
175,Sakaiminato,JP,35.55,133.2333,39.18,87,75,9.22,broken clouds
176,Dosso,NE,13.049,3.1937,63.59,12,100,9.71,overcast clouds
177,Grindavik,IS,63.8424,-22.4338,30.67,100,75,9.22,snow
178,Shu,KZ,43.5983,73.7614,29.23,71,0,1.92,clear sky
179,Palmer,US,42.1584,-72.3287,31.03,73,99,3.02,overcast clouds
180,Saskylakh,RU,71.9167,114.0833,-28.21,100,35,1.74,scattered clouds
181,Mocuba,MZ,-16.8392,36.9856,69.69,98,0,1.5,clear sky
182,Shanting,CN,35.0753,117.4578,32.52,35,100,3.47,overcast clouds
183,Ilhabela,BR,-23.7781,-45.3581,74.82,92,100,2.66,overcast clouds
184,Abashiri,JP,44.0213,144.2697,27.95,63,40,6.91,scattered clouds
185,Flin Flon,CA,54.7682,-101.865,-9.0,87,100,10.8,overcast clouds
186,Kedrovyy,RU,56.1667,91.8167,-8.99,93,99,3.15,overcast clouds
187,Preobrazheniye,RU,42.9019,133.9064,17.01,52,0,7.58,clear sky
188,Hovd,MN,48.0056,91.6419,-7.2,89,100,1.39,overcast clouds
189,Salme,NP,28.0369,85.0942,34.09,57,2,7.47,clear sky
190,Hammerfest,NO,70.6634,23.6821,23.45,46,67,3.44,broken clouds
191,Port Alfred,ZA,-33.5906,26.891,77.63,76,100,5.93,overcast clouds
192,Yar-Sale,RU,66.8333,70.8333,-16.02,99,39,7.45,scattered clouds
193,Hilo,US,19.7297,-155.09,76.73,75,75,5.75,broken clouds
194,Sao Filipe,CV,14.8961,-24.4956,73.35,78,27,11.7,scattered clouds
195,Maues,BR,-3.3836,-57.7186,74.19,95,26,1.59,scattered clouds
196,Katherine,AU,-14.4667,132.2667,84.52,70,42,16.11,scattered clouds
197,Zhuhai,CN,22.2769,113.5678,60.69,88,40,14.97,scattered clouds
198,Zalantun,CN,48.0,122.7167,-3.21,79,88,7.47,overcast clouds
199,Malanje,AO,-9.5402,16.341,61.61,94,96,4.09,overcast clouds
200,Ovsyanka,RU,55.9575,92.5519,-6.63,95,100,3.87,overcast clouds
201,Qaanaaq,GL,77.484,-69.3632,-20.85,64,100,11.99,overcast clouds
202,Pavlysh,UA,48.9176,33.3569,27.12,93,100,4.25,overcast clouds
203,Lompoc,US,34.6391,-120.4579,61.57,43,0,13.8,clear sky
204,San Felipe,VE,10.3399,-68.7425,69.71,98,50,3.36,scattered clouds
205,Nikolskoye,RU,59.7035,30.7861,22.89,98,99,2.08,snow
206,Ayr,GB,55.4627,-4.6339,47.32,93,75,8.05,broken clouds
207,Airai,TL,-8.9266,125.4092,69.6,63,100,4.09,overcast clouds
208,Puqi,CN,29.7167,113.8833,36.68,99,100,3.74,light rain
209,Norman Wells,CA,65.282,-126.8329,-25.56,75,20,0.0,few clouds
210,Clonakilty,IE,51.6231,-8.8706,47.41,88,12,9.04,few clouds
211,Guerrero Negro,MX,27.9769,-114.0611,61.05,70,89,12.93,overcast clouds
212,Vanimo,PG,-2.6741,141.3028,83.71,69,77,2.21,moderate rain
213,Kaitangata,NZ,-46.2817,169.8464,73.92,67,100,12.77,overcast clouds
214,Muzhi,RU,65.3667,64.6667,-24.16,100,98,1.01,overcast clouds
215,Verkhnetulomskiy,RU,68.6073,31.7962,-5.67,100,100,1.41,overcast clouds
216,Sampit,ID,-2.5333,112.95,77.23,91,99,1.52,overcast clouds
217,Bachatskiy,RU,54.2927,86.1285,1.44,98,100,3.22,overcast clouds
218,Puerto Colombia,CO,10.9878,-74.9547,78.89,83,5,23.24,clear sky
219,Caravelas,BR,-17.7125,-39.2481,76.53,93,26,7.61,scattered clouds
220,Mahanoro,MG,-19.9,48.8,72.5,90,100,8.79,light rain
221,Kruisfontein,ZA,-34.0033,24.7314,72.88,65,100,3.74,overcast clouds
222,Soma,TR,39.1855,27.6094,51.98,87,100,6.24,overcast clouds
223,Mogadishu,SO,2.0371,45.3438,77.94,89,100,18.03,overcast clouds
224,Mucuri,BR,-18.0864,-39.5508,78.67,86,100,10.65,overcast clouds
225,Port Hardy,CA,50.6996,-127.4199,41.18,87,75,2.3,broken clouds
226,Laguna,US,38.421,-121.4238,58.84,30,0,8.01,clear sky
227,Severo-Kurilsk,RU,50.6789,156.125,30.99,74,100,11.25,overcast clouds
228,Villazon,BO,-22.0866,-65.5942,48.69,78,59,8.28,broken clouds
229,Bowen,AU,-20.0167,148.2333,89.82,66,100,7.52,overcast clouds
230,Yamada,JP,39.4667,141.95,36.7,42,96,7.31,overcast clouds
231,Presidencia Roque Saenz Pena,AR,-26.7852,-60.4388,82.33,25,15,7.16,few clouds
232,Lae,PG,-6.7221,146.9847,81.27,84,100,5.03,moderate rain
233,Yenagoa,NG,4.9247,6.2642,75.78,79,10,3.42,clear sky
234,Buala,SB,-8.145,159.5921,84.45,75,75,8.23,light rain
235,Ilebo,CD,-4.3167,20.5833,72.09,92,100,0.72,light rain
236,Honningsvag,NO,70.9821,25.9704,26.56,64,97,14.56,overcast clouds
237,Majene,ID,-3.5403,118.9707,84.81,66,93,4.03,overcast clouds
238,Zhigansk,RU,66.7697,123.3711,-26.82,99,90,9.01,overcast clouds
239,Lorengau,PG,-2.0226,147.2712,78.93,83,100,6.33,overcast clouds
240,Manggar,ID,-2.8833,108.2667,83.98,65,26,5.57,scattered clouds
241,Rocha,UY,-34.4833,-54.3333,59.18,76,0,6.11,clear sky
242,Surt,LY,31.2089,16.5887,54.59,60,28,28.32,scattered clouds
243,Bathsheba,BB,13.2167,-59.5167,79.41,78,75,13.8,broken clouds
244,Victoria,HK,22.2855,114.1577,60.94,93,100,1.99,overcast clouds
245,Half Moon Bay,US,37.4636,-122.4286,61.02,39,0,3.0,haze
246,Yerbogachen,RU,61.2767,108.0108,-29.69,100,49,1.83,scattered clouds
247,Kavaratti,IN,10.5669,72.642,80.28,68,5,9.55,clear sky
248,Nicolas Bravo,MX,18.45,-88.9167,67.37,97,0,2.98,clear sky
249,Meulaboh,ID,4.1363,96.1285,78.85,80,43,4.65,scattered clouds
250,Shirokovskiy,RU,58.8424,57.7832,27.95,92,100,9.24,overcast clouds
251,Provideniya,RU,64.3833,-173.3,14.11,62,0,20.13,clear sky
252,Praia Da Vitoria,PT,38.7333,-27.0667,59.25,77,40,11.99,scattered clouds
253,Leshukonskoye,RU,64.8989,45.7622,12.54,95,100,6.08,overcast clouds
254,Aracruz,BR,-19.8203,-40.2733,74.41,95,53,1.21,very heavy rain
255,Acari,PE,-15.4311,-74.6158,73.29,77,10,4.18,clear sky
256,Portland,US,45.5234,-122.6762,44.53,81,20,3.0,few clouds
257,Chiredzi,ZW,-21.05,31.6667,69.64,79,0,2.26,clear sky
258,Saint-Augustin,CA,51.226,-58.6502,-12.59,90,3,6.06,clear sky
259,Kirakira,SB,-10.4544,161.9205,82.94,81,74,7.92,broken clouds
260,Launceston,AU,-41.45,147.1667,67.6,41,40,5.01,scattered clouds
261,Chokurdakh,RU,70.6333,147.9167,-14.26,96,100,5.17,overcast clouds
262,Zyryanka,RU,65.75,150.85,-8.9,90,100,6.71,overcast clouds
263,Ostrovnoy,RU,68.0531,39.5131,19.27,91,100,9.15,overcast clouds
264,Rundu,NA,-17.9333,19.7667,63.43,96,99,4.76,overcast clouds
265,Haines Junction,CA,60.7522,-137.5108,-18.45,76,100,1.14,overcast clouds
266,Olafsvik,IS,64.8945,-23.7142,36.18,65,100,19.01,light rain
267,Tuensang,IN,26.2833,94.8333,50.09,91,76,2.08,broken clouds
268,Isla Mujeres,MX,21.2311,-86.731,75.25,69,1,11.39,clear sky
269,Tame,CO,6.461,-71.73,77.59,42,100,5.66,overcast clouds
270,Broome,US,42.2506,-75.833,31.82,64,0,4.0,clear sky
271,Marathon,US,44.9,-89.7668,18.28,63,0,14.97,clear sky
272,Porto Belo,BR,-27.1578,-48.5531,77.16,86,8,6.98,clear sky
273,Cidreira,BR,-30.1811,-50.2056,72.64,74,0,13.4,clear sky
274,Takhtamygda,RU,54.1,123.5667,-3.14,69,21,4.59,few clouds
275,Killarney,IE,52.05,-9.5167,45.36,92,46,5.39,scattered clouds
276,Shimoda,JP,34.6667,138.95,50.36,44,1,12.33,clear sky
277,Vila Velha,BR,-20.3297,-40.2925,75.15,93,100,13.0,thunderstorm with rain
278,Zaragoza,ES,41.6561,-0.8773,47.01,64,0,14.0,clear sky
279,Evensk,RU,61.95,159.2333,20.91,78,100,23.51,overcast clouds
280,Mareeba,AU,-17.0,145.4333,88.48,88,100,6.11,overcast clouds
281,Dubbo,AU,-32.25,148.6167,77.13,78,100,5.75,overcast clouds
282,Vao,NC,-22.6667,167.4833,78.39,83,99,20.42,overcast clouds
283,Sola,VU,-13.8833,167.55,80.17,80,100,13.85,light rain
284,Kavieng,PG,-2.5744,150.7967,81.79,74,100,6.08,light rain
285,Ribeira Grande,PT,38.5167,-28.7,59.63,74,68,13.24,broken clouds
286,Berlevag,NO,70.8578,29.0864,21.83,74,76,8.68,broken clouds
287,Enna,IT,37.5588,14.2892,42.76,65,0,14.05,clear sky
288,Samana,DO,19.2056,-69.3369,72.63,89,35,8.48,scattered clouds
289,Raudeberg,NO,61.9875,5.1352,36.27,88,93,1.99,overcast clouds
290,Plettenberg Bay,ZA,-34.0527,23.3716,73.45,84,100,2.39,overcast clouds
291,Margate,GB,51.3813,1.3862,51.04,78,100,7.0,overcast clouds
292,Kolpashevo,RU,58.3131,82.9089,14.16,96,99,6.71,overcast clouds
293,Leningradskiy,RU,69.3833,178.4167,-9.2,93,35,10.96,scattered clouds
294,Narsaq,GL,60.9167,-46.05,14.22,83,14,4.72,few clouds
295,Nargana,PA,9.4428,-78.5906,79.0,75,86,11.45,overcast clouds
296,Saryg-Sep,RU,51.5,95.6,-23.67,99,96,2.68,overcast clouds
297,Lagoa,PT,39.05,-27.9833,58.95,71,13,13.33,few clouds
298,Qaqortoq,GL,60.7167,-46.0333,14.5,89,8,4.5,clear sky
299,Nhulunbuy,AU,-12.2333,136.7667,86.61,79,75,8.05,broken clouds
300,West Wendover,US,40.7391,-114.0733,26.33,45,14,5.84,few clouds
301,Beringovskiy,RU,63.05,179.3167,1.9,84,91,17.38,overcast clouds
302,Catania,IT,37.5021,15.0872,49.78,55,0,4.0,clear sky
303,Jasper,US,37.2001,-94.3502,54.82,89,100,4.0,heavy intensity rain
304,Upernavik,GL,72.7868,-56.1549,-13.7,75,100,5.77,overcast clouds
305,Shestakovo,RU,56.4915,103.96,-2.11,98,100,3.38,overcast clouds
306,Lodwar,KE,3.1191,35.5973,83.41,41,100,6.78,overcast clouds
307,Berbera,SO,10.4396,45.0143,75.85,81,99,2.59,light rain
308,Chuy,UY,-33.6971,-53.4616,63.12,72,0,6.73,clear sky
309,Lazo,RU,43.3817,133.9014,14.25,69,24,7.23,few clouds
310,Shelburne,CA,44.0787,-80.2041,36.05,72,100,18.81,overcast clouds
311,Dudinka,RU,69.4058,86.1778,2.62,93,99,12.73,overcast clouds
312,Waghai,IN,20.7667,73.4833,64.44,52,4,3.49,clear sky
313,Ishinomaki,JP,38.4167,141.3,37.4,55,46,24.85,scattered clouds
314,Verkhnyaya Inta,RU,65.9811,60.3094,2.97,84,97,8.84,overcast clouds
315,Nanfeng,CN,23.7434,111.7959,48.25,91,100,4.54,overcast clouds
316,Stuttgart,DE,48.7823,9.177,45.01,90,40,6.91,scattered clouds
317,Pozo Colorado,PY,-23.4923,-58.7972,87.24,35,85,3.91,overcast clouds
318,Chuchkovo,RU,54.2693,41.4465,18.25,95,97,10.4,overcast clouds
319,Boguchany,RU,58.3814,97.4531,-13.38,100,85,2.39,overcast clouds
320,Mackay,AU,-21.15,149.2,91.69,62,40,10.36,scattered clouds
321,Wasilla,US,61.5814,-149.4394,27.28,77,100,12.66,light snow
322,Hauterive,FR,46.0901,3.4459,46.02,98,100,5.46,overcast clouds
323,Conselheiro Pena,BR,-19.1722,-41.4722,75.87,89,100,1.57,light rain
324,Beyneu,KZ,45.3167,55.2,33.12,83,6,8.3,clear sky
325,Mahon,ES,39.8885,4.2658,48.76,87,0,5.75,clear sky
326,Port Augusta,AU,-32.5,137.7667,72.72,27,0,20.51,clear sky
327,Gat,IL,31.61,34.7642,53.91,100,0,2.8,clear sky
328,Aljezur,PT,37.3191,-8.8033,51.94,56,0,4.5,clear sky
329,Myski,RU,53.709,87.8014,-1.21,100,51,2.55,broken clouds
330,Tura,IN,25.5198,90.2201,57.65,62,0,2.01,clear sky
331,Alofi,NU,-19.0595,-169.9187,76.89,94,75,11.5,light intensity drizzle
332,Mahibadhoo,MV,3.7833,72.9667,82.27,77,2,12.82,clear sky
333,Velika Obarska,BA,44.8053,19.1642,27.9,83,21,5.26,few clouds
334,Klyuchi,RU,52.2667,79.1667,6.37,95,96,5.48,overcast clouds
335,Tahoua,NE,14.8888,5.2692,60.51,14,87,8.43,overcast clouds
336,Road Town,VG,18.4167,-64.6167,77.09,83,20,9.22,few clouds
337,Ada,US,43.4166,-116.1262,31.55,64,100,3.0,overcast clouds
338,Wanning,CN,18.8003,110.3967,70.88,87,87,6.22,overcast clouds
339,Sheridan,US,44.8333,-106.9173,16.66,65,40,1.01,scattered clouds
340,Bellefontaine,US,40.3612,-83.7597,46.56,72,75,10.36,broken clouds
341,Yavoriv,UA,49.9386,23.3825,32.76,78,100,15.21,light snow
342,Izumo,JP,35.3667,132.7667,39.15,87,75,3.44,light rain
343,Pevek,RU,69.7008,170.3133,-6.52,80,100,3.24,overcast clouds
344,Saint-Michel-Des-Saints,CA,46.6834,-73.9159,16.93,89,100,13.35,overcast clouds
345,Rosamorada,MX,22.1222,-105.2058,63.19,62,0,1.48,clear sky
346,Kattivakkam,IN,13.2167,80.3167,74.07,87,12,2.89,moderate rain
347,Horn Lake,US,34.9554,-90.0348,64.38,46,100,14.97,overcast clouds
348,Oranjemund,NA,-28.55,16.4333,65.8,86,76,6.85,broken clouds
349,Tyler,US,32.3513,-95.3011,60.85,93,100,0.0,overcast clouds
350,Kanniyakumari,IN,8.0833,77.5667,75.94,81,5,13.96,clear sky
351,Sadiqabad,PK,28.3062,70.1307,60.64,27,0,5.23,clear sky
352,Ullapool,GB,57.8987,-5.1604,45.95,93,99,11.56,overcast clouds
353,Puerto Madryn,AR,-42.7692,-65.0385,73.92,43,57,11.79,broken clouds
354,Galle,LK,6.0367,80.217,73.63,82,11,7.85,few clouds
355,Ducheng,CN,23.2373,111.5317,50.41,91,100,4.0,overcast clouds
356,Apozol,MX,21.4833,-103.1,65.08,24,0,5.64,clear sky
357,Alta Floresta,BR,-9.8756,-56.0861,69.75,96,38,1.54,scattered clouds
358,Berea,US,41.3662,-81.8543,45.79,56,40,13.8,scattered clouds
359,Balkanabat,TM,39.5108,54.3671,43.03,78,0,4.36,clear sky
360,Arraial Do Cabo,BR,-22.9661,-42.0278,75.16,100,75,0.0,moderate rain
361,Fort-Shevchenko,KZ,44.5086,50.263,36.28,85,47,8.08,scattered clouds
362,Labuhan,ID,-6.8844,112.2051,82.87,73,42,4.27,scattered clouds
363,Akyab,MM,20.15,92.9,65.82,65,11,6.53,few clouds
364,Lima,PE,-12.0432,-77.0282,71.38,83,0,17.27,clear sky
365,Novobureyskiy,RU,49.798,129.8774,-8.45,94,69,2.66,broken clouds
366,Omsukchan,RU,62.5333,155.8,-4.14,94,100,4.99,overcast clouds
367,Chudniv,UA,50.052,28.1175,17.6,90,90,8.66,overcast clouds
368,Mazamari,PE,-11.3258,-74.5308,68.25,99,100,0.69,overcast clouds
369,Huanan,CN,46.2167,130.5167,6.04,88,96,13.6,overcast clouds
370,Los Llanos De Aridane,ES,28.6585,-17.9182,67.12,72,20,11.01,few clouds
371,Salinopolis,BR,-0.6136,-47.3561,79.16,86,94,10.96,overcast clouds
372,Porto Novo,BJ,6.4965,2.6036,78.62,79,1,5.46,clear sky
373,Taltal,CL,-25.4,-70.4833,66.27,79,0,2.62,clear sky
374,Cururupu,BR,-1.8283,-44.8683,75.99,93,82,4.56,broken clouds
375,Cayenne,GF,4.9333,-52.3333,76.08,91,100,1.99,overcast clouds
376,Krasnyye Chetai,RU,55.6887,46.1386,22.41,92,96,11.59,overcast clouds
377,Makakilo City,US,21.3469,-158.0858,80.92,58,75,11.5,broken clouds
378,Vestmanna,FO,62.1564,-7.1664,34.72,87,100,6.91,overcast clouds
379,Yeppoon,AU,-23.1333,150.7333,92.98,57,86,10.78,overcast clouds
380,Kirovskiy,RU,45.0917,133.5136,7.79,88,100,6.76,light snow
381,Ca Mau,VN,9.1769,105.15,84.47,61,48,13.33,scattered clouds
382,Fara In Sabina,IT,42.2089,12.7292,40.96,64,0,4.21,clear sky
383,Moquegua,PE,-17.1956,-70.9353,64.31,73,46,2.3,scattered clouds
384,Qasigiannguit,GL,68.8193,-51.1922,3.45,95,100,5.26,overcast clouds
385,Tianpeng,CN,30.9866,103.9393,39.67,79,91,3.06,overcast clouds
386,Fortuna,US,40.5982,-124.1573,48.65,77,20,1.01,few clouds
387,Eyl,SO,7.9803,49.8164,73.42,83,88,14.85,overcast clouds
388,Bremervorde,DE,53.4833,9.1333,43.39,78,100,24.16,overcast clouds
389,Danshui,CN,22.7984,114.4672,60.64,89,100,4.52,overcast clouds
390,Morant Bay,JM,17.8815,-76.4093,78.42,83,10,9.35,clear sky
391,Rawson,AR,-43.3002,-65.1023,76.68,32,6,8.41,clear sky
392,Puerto Del Rosario,ES,28.5004,-13.8627,67.68,52,100,6.91,overcast clouds
393,Severnyy,RU,50.677,36.5532,23.04,80,0,4.47,clear sky
394,Iqaluit,CA,63.7506,-68.5145,-9.31,76,75,17.0,light snow
395,Constantine,DZ,36.365,6.6147,44.01,75,75,21.85,broken clouds
396,Scarborough,GB,54.2797,-0.4044,50.52,80,100,1.01,overcast clouds
397,Vostok,RU,46.4856,135.8833,4.14,84,100,5.82,overcast clouds
398,Awbari,LY,26.5921,12.7805,45.39,28,0,10.25,clear sky
399,Las Palmas,ES,28.4204,-14.0131,63.39,52,100,6.91,overcast clouds
400,Grand Gaube,MU,-20.0064,57.6608,79.38,87,100,13.0,moderate rain
401,Manutuke,NZ,-38.6833,177.9167,82.98,49,100,7.36,overcast clouds
402,Gujranwala,PK,32.1617,74.1883,46.45,57,52,2.53,broken clouds
403,Watertown,US,42.3709,-71.1828,35.35,83,100,1.01,mist
404,Pinega,RU,64.7001,43.3936,7.5,96,99,5.23,snow
405,Sirur,IN,18.8333,74.3833,64.94,34,0,2.62,clear sky
406,Zboriste,BA,45.1458,16.0178,28.78,90,83,3.83,broken clouds
407,Sartell,US,45.6216,-94.2069,6.44,72,0,3.0,clear sky
408,Hami,CN,42.8,93.45,22.66,31,100,0.94,overcast clouds
409,Kasempa,ZM,-13.4584,25.8338,63.68,95,100,2.26,overcast clouds
410,San Cristobal,VE,7.7669,-72.225,71.78,61,99,1.57,overcast clouds
411,Hofn,IS,64.2539,-15.2082,25.5,68,72,10.92,broken clouds
412,Treinta Y Tres,UY,-33.2333,-54.3833,60.64,72,0,7.83,clear sky
413,Carutapera,BR,-1.195,-46.02,77.04,90,55,7.36,broken clouds
414,Port Hedland,AU,-20.3167,118.5667,86.05,79,100,4.61,overcast clouds
415,Calvinia,ZA,-31.4707,19.776,69.93,71,100,3.74,light rain
416,Lethem,GY,3.3803,-59.7968,80.28,64,59,11.41,broken clouds
417,Providencia,MX,28.7167,-111.5833,69.85,53,66,11.59,broken clouds
418,Namie,JP,37.4833,141.0,43.99,44,84,1.01,broken clouds
419,Mildura,AU,-34.2,142.15,69.08,34,0,14.97,clear sky
420,Trairi,BR,-3.2778,-39.2689,78.64,81,23,9.1,light rain
421,Puri,IN,19.8,85.85,61.32,71,0,5.68,clear sky
422,Karratha,AU,-20.7377,116.8463,87.35,65,100,11.77,overcast clouds
423,Oktyabrskiy,RU,54.4815,53.471,26.01,91,96,13.94,overcast clouds
424,Moerai,PF,-22.4333,-151.3333,80.1,75,24,16.42,few clouds
425,Zhongxing,CN,33.7039,118.6792,36.97,46,100,6.2,overcast clouds
426,Buguda,IN,19.8167,84.8,64.78,52,0,2.64,clear sky
427,Brigantine,US,39.4101,-74.3646,34.0,89,0,0.0,clear sky
428,Hildburghausen,DE,50.4255,10.7318,40.98,85,100,16.2,overcast clouds
429,Ulladulla,AU,-35.35,150.4667,67.87,80,100,9.06,overcast clouds
430,Kysyl-Syr,RU,63.8986,122.7617,-22.22,97,99,6.82,overcast clouds
431,Pampas,PE,-12.4,-74.9,48.34,94,100,3.33,overcast clouds
432,Yulara,AU,-25.2406,130.9889,67.84,94,100,14.97,overcast clouds
433,Maumere,ID,-8.6199,122.2111,83.68,70,1,7.61,clear sky
434,Dwarka,IN,22.2394,68.9678,70.79,77,0,9.01,clear sky
435,Udankudi,IN,8.4333,78.0167,75.38,82,13,9.73,few clouds
436,Roma,US,43.2128,-75.4557,34.43,59,0,11.5,clear sky
437,Irtyshskiy,RU,58.3333,68.1333,13.28,92,98,8.86,overcast clouds
438,Manokwari,ID,-0.8667,134.0833,81.91,71,100,4.03,overcast clouds
439,Gweru,ZW,-19.45,29.8167,61.68,90,36,4.09,scattered clouds
440,Linhares,BR,-19.3911,-40.0722,75.34,93,96,3.94,overcast clouds
441,Asyut,EG,27.181,31.1837,48.38,49,81,3.91,broken clouds
442,Sun Valley,US,39.5963,-119.776,36.28,38,0,3.0,clear sky
443,Okato,NZ,-39.2,173.8833,76.91,69,100,16.78,overcast clouds
444,Okha,RU,53.5739,142.9478,1.74,89,96,21.94,overcast clouds
445,Flinders,AU,-34.5833,150.8552,70.21,79,100,11.99,overcast clouds
446,Punta Alta,AR,-38.8759,-62.0736,70.11,55,100,14.63,overcast clouds
447,Tuatapere,NZ,-46.1333,167.6833,73.81,75,86,6.96,light rain
448,Port Macquarie,AU,-31.4333,152.9167,81.9,94,100,8.05,light rain
449,Castro,BR,-24.7911,-50.0119,63.07,95,89,5.48,overcast clouds
450,Concordia,AR,-31.393,-58.0209,80.78,53,0,5.99,clear sky
451,Sungaipenuh,ID,-2.0833,101.3833,62.13,95,100,1.74,overcast clouds
452,Kirkwall,GB,58.9848,-2.9587,41.05,75,75,12.66,broken clouds
453,Najran,SA,17.4924,44.1277,61.45,36,0,4.38,clear sky
454,Posse,BR,-14.0931,-46.3694,68.63,86,88,3.42,overcast clouds
455,Bitkine,TD,11.9801,18.2138,63.16,20,7,7.09,clear sky
456,Quatre Cocos,MU,-20.2078,57.7625,79.09,91,100,31.16,moderate rain
457,Vanatori,RO,45.7333,27.25,31.91,83,100,3.02,overcast clouds
458,Temerloh,MY,3.4483,102.4176,81.25,69,52,2.68,broken clouds
459,Port Blair,IN,11.6667,92.75,69.84,94,20,2.3,mist
460,Andros Town,BS,24.7,-77.7667,66.16,61,100,18.9,overcast clouds
461,Chandbali,IN,20.7833,86.7667,67.06,47,6,4.68,clear sky
462,Faya,SA,18.3851,42.4509,51.91,60,0,4.5,clear sky
463,Mizan Teferi,ET,6.9833,35.5833,64.99,49,100,1.77,overcast clouds
464,Ogaminana,NG,7.5946,6.2248,72.63,18,0,3.58,clear sky
465,Coihaique,CL,-45.5752,-72.0662,60.75,44,0,10.36,clear sky
466,Newark,US,40.7357,-74.1724,36.99,75,75,5.75,broken clouds
467,Calabozo,VE,8.9242,-67.4293,82.83,46,20,3.31,few clouds
468,Nakhon Thai,TH,17.1006,100.8374,81.39,63,11,1.34,few clouds
469,Benghazi,LY,32.1167,20.0667,57.16,55,85,23.6,overcast clouds
470,Bela,IN,25.9333,81.9833,54.05,75,0,2.55,clear sky
471,Burgos,ES,42.3394,-3.7079,32.41,93,0,6.91,clear sky
472,Tynda,RU,55.1667,124.7167,-10.32,79,20,5.77,few clouds
473,Takoradi,GH,4.8845,-1.7554,78.48,85,94,4.76,overcast clouds
474,North Platte,US,41.1239,-100.7654,26.49,37,100,5.99,overcast clouds
475,Aklavik,CA,68.2191,-135.0107,-13.97,100,97,3.85,overcast clouds
476,Ust-Ilimsk,RU,58.0006,102.6619,-5.89,99,100,4.03,overcast clouds
477,Cercal,PT,37.806,-8.6715,51.75,63,0,5.37,clear sky
478,Saint-Paul,RE,-21.0096,55.2707,80.69,89,100,12.12,light rain
479,Kabare,CD,-2.4683,28.8242,61.05,91,100,2.13,overcast clouds
480,Praia,CV,14.9215,-23.5087,79.34,44,75,14.97,broken clouds
481,Debre Sina,ET,9.85,39.7667,46.47,82,100,2.55,overcast clouds
482,Nobeoka,JP,32.5833,131.6667,39.76,34,100,0.81,overcast clouds
483,Rincon,US,32.296,-81.2354,52.25,74,0,10.36,clear sky
484,Hirara,JP,24.8,125.2833,67.86,88,75,3.44,broken clouds
485,Sinop,TR,41.7711,34.8709,35.1,88,100,17.25,overcast clouds
486,Fukue,JP,32.6881,128.8419,44.96,61,75,8.05,broken clouds
487,Takikawa,JP,43.5528,141.9064,26.31,75,74,4.09,light snow
488,Nemuro,JP,43.3236,145.575,25.23,66,14,18.57,few clouds
489,Paamiut,GL,61.994,-49.6678,4.78,91,100,11.12,light snow
490,Baruun-Urt,MN,46.6806,113.2792,-5.57,88,6,6.51,clear sky
491,Lagos,NG,6.5833,3.75,77.32,82,7,4.45,clear sky
492,Mehamn,NO,71.0357,27.8492,16.88,81,90,9.84,overcast clouds
493,Saint George,US,37.1041,-113.5841,45.95,24,0,21.0,clear sky
494,Sambava,MG,-14.2667,50.1667,74.03,82,100,5.55,overcast clouds
495,Rafai,CF,4.95,23.9167,68.09,35,80,2.75,broken clouds
496,Korla,CN,41.7597,86.1469,22.06,48,0,2.37,clear sky
497,Thaba-Tseka,LS,-29.522,28.6084,56.17,68,96,3.13,overcast clouds
498,Carballo,ES,43.213,-8.691,46.76,88,0,4.07,clear sky
499,Baie-Comeau,CA,49.2168,-68.1489,12.2,72,0,14.97,clear sky
500,Tiksi,RU,71.6872,128.8694,-9.4,96,100,6.96,overcast clouds
501,Tornio,FI,65.8481,24.1466,12.22,91,100,9.6,overcast clouds
502,Marsh Harbour,BS,26.5412,-77.0636,68.2,57,100,19.19,overcast clouds
503,Watrous,CA,51.6668,-105.4679,-9.62,64,15,11.5,few clouds
504,Port Hueneme,US,34.1478,-119.1951,61.72,76,0,5.75,clear sky
505,Portales,US,34.1862,-103.3344,40.19,42,100,9.28,overcast clouds
506,Eskil,TR,38.4017,33.4131,33.55,85,100,16.89,overcast clouds
507,Yabelo,ET,4.8833,38.0833,59.9,47,88,4.9,overcast clouds
508,Gnjilane,XK,42.4604,21.4699,30.52,90,98,3.47,overcast clouds
509,Pangoa,PE,-12.1167,-73.0,66.38,97,100,2.51,overcast clouds
510,Tual,ID,-5.6667,132.75,80.53,80,100,9.69,overcast clouds
511,Tecpan,GT,14.7623,-90.9947,54.72,94,33,1.95,scattered clouds
512,Sinnamary,GF,5.3833,-52.95,77.05,82,90,12.17,light rain
513,Isangel,VU,-19.55,169.2667,86.11,84,75,2.3,broken clouds
514,Manga,BF,11.6636,-1.0731,66.7,11,81,8.75,broken clouds
515,Vrangel,RU,42.7297,133.0839,18.32,52,0,13.71,clear sky
516,Santa Luzia,BR,-19.7697,-43.8514,69.08,94,75,6.91,thunderstorm with light rain
517,San Jeronimo,PE,-11.9472,-75.2829,50.76,86,100,0.34,overcast clouds
518,Sarakhs,IR,36.5449,61.1577,44.74,57,100,6.91,overcast clouds
519,Sabang,ID,5.8933,95.3214,80.96,73,16,6.98,few clouds
520,Genhe,CN,50.7833,121.5167,-3.28,85,95,2.86,overcast clouds
521,Andenes,NO,69.3143,16.1194,24.78,63,68,14.97,broken clouds
522,Sorong,ID,-0.8833,131.25,82.06,71,100,2.66,overcast clouds
523,Ladybrand,ZA,-29.1945,27.4574,60.69,80,100,2.24,overcast clouds
524,Kaiyuan,CN,23.6977,103.3037,50.25,90,100,2.39,overcast clouds
525,Geraldton,AU,-28.7667,114.6,93.61,20,0,29.93,clear sky
526,Mersing,MY,2.4312,103.8405,78.71,89,40,2.3,scattered clouds
527,Anadyr,RU,64.75,177.4833,23.5,54,2,17.9,clear sky
528,Bhawanipatna,IN,19.9,83.1667,62.4,40,0,2.42,clear sky
529,Stromness,GB,58.965,-3.296,40.96,89,100,17.52,overcast clouds
530,Homer,US,59.6425,-151.5483,37.29,70,100,0.0,overcast clouds
531,Oum Hadjer,TD,13.2954,19.6966,62.31,18,1,8.34,clear sky
532,Krasnoselkup,RU,65.7,82.4667,-16.44,100,90,3.22,overcast clouds
533,Cozumel,MX,20.5083,-86.9458,75.18,80,20,5.01,few clouds
534,Saint-Georges,GD,12.0564,-61.7485,78.48,83,20,16.11,few clouds
535,Maragogi,BR,-9.0122,-35.2225,78.42,80,12,6.13,few clouds
536,Bilma,NE,18.6853,12.9164,53.49,23,0,6.04,clear sky
537,Bilibino,RU,68.0546,166.4372,6.17,60,100,6.46,overcast clouds
538,Kudahuvadhoo,MV,2.6708,72.8944,82.71,76,2,14.52,clear sky
539,Seymchan,RU,62.8833,152.4333,-7.29,90,100,5.5,overcast clouds
540,Pontal,BR,-21.0225,-48.0372,75.47,97,100,2.1,overcast clouds
541,Wolverhampton,GB,52.5855,-2.123,50.63,90,100,1.01,overcast clouds
542,Biltine,TD,14.5333,20.9167,61.75,19,0,5.77,clear sky
543,Verkhnevilyuysk,RU,63.4453,120.3167,-28.52,98,92,5.86,overcast clouds
544,Brae,GB,60.3964,-1.353,40.91,66,99,19.01,overcast clouds
545,Salym,RU,60.0625,71.4789,2.95,99,93,4.76,overcast clouds
546,Xiaoweizhai,CN,26.1903,107.5125,32.41,90,100,4.99,light snow
547,Caruray,PH,10.3094,119.0128,81.68,79,66,11.99,broken clouds
548,Archidona,ES,37.0965,-4.3887,45.66,82,0,5.14,clear sky
549,Eureka,US,40.8021,-124.1637,48.81,78,0,11.01,clear sky
550,Mayo,US,38.8876,-76.5119,35.55,82,0,0.0,haze
551,Panaba,MX,21.2833,-88.2667,70.09,78,0,9.91,clear sky
552,Vieux-Habitants,GP,16.0589,-61.7659,72.97,78,0,8.01,clear sky
553,Puerto Quijarro,BO,-17.7833,-57.7667,72.99,99,100,2.95,overcast clouds
554,Arona,ES,28.0996,-16.681,67.8,58,20,5.99,few clouds
555,Constitucion,CL,-35.3333,-72.4167,57.33,93,13,3.76,few clouds
556,Vadso,NO,70.0744,29.7487,-10.32,80,100,6.85,overcast clouds
557,Talnakh,RU,69.4865,88.3972,2.21,95,100,7.72,overcast clouds
558,Palamos,ES,41.8484,3.1291,53.31,61,0,0.65,clear sky
559,Shaowu,CN,27.3409,117.4831,45.28,98,100,1.97,overcast clouds
560,Grand-Lahou,CI,5.1367,-5.0242,78.06,88,100,6.62,overcast clouds
561,Cardston,CA,49.2,-113.3019,-0.56,84,100,4.61,overcast clouds
562,Warwick,US,41.7001,-71.4162,35.15,83,100,3.44,overcast clouds
563,Nehe,CN,48.4833,124.8333,2.75,81,95,4.32,overcast clouds
564,Aska,IN,19.6061,84.6725,65.44,44,0,2.71,clear sky
565,Izhma,RU,65.0083,53.9113,15.37,94,100,7.34,overcast clouds
566,Chapada Dos Guimaraes,BR,-15.4606,-55.7497,67.66,98,100,4.61,overcast clouds
567,Fushan,CN,37.4958,121.2581,32.22,46,3,8.32,clear sky
568,Ganzhou,CN,28.8184,115.4327,37.58,86,100,6.78,overcast clouds
569,Chicama,PE,-7.8447,-79.1469,64.94,67,21,6.08,few clouds
570,Magadan,RU,59.5667,150.8,7.12,76,98,11.16,overcast clouds
571,Menongue,AO,-14.6585,17.691,61.0,64,100,1.86,overcast clouds
572,Saint-Lo,FR,49.1162,-1.0903,51.19,84,100,12.17,overcast clouds
573,Ngunguru,NZ,-35.6167,174.5,77.16,78,100,13.91,overcast clouds
574,Karema,TZ,-6.8205,30.4389,68.56,88,100,4.36,overcast clouds
575,Zabol,AF,32.25,67.25,34.43,99,100,10.98,light snow
576,Bandiagara,ML,14.3501,-3.6104,66.36,9,55,9.22,broken clouds
577,Mangrol,IN,21.1167,70.1167,67.44,64,1,6.58,clear sky
578,Manicore,BR,-5.8092,-61.3003,73.72,98,97,2.37,overcast clouds
579,Derzhavinsk,KZ,51.1,66.3167,9.39,87,100,5.01,overcast clouds
580,Skegness,GB,53.1436,0.3363,50.29,81,100,17.4,overcast clouds
581,Sioux Lookout,CA,50.1001,-91.917,1.78,78,100,16.11,overcast clouds
582,Deputatskiy,RU,69.3,139.9,-14.49,98,100,1.07,overcast clouds
583,Palestine,PS,31.9216,35.2033,45.46,80,0,3.69,clear sky
584,Ulaangom,MN,49.9811,92.0667,-23.03,87,93,3.04,overcast clouds
585,East Norriton,US,40.1518,-75.3366,32.34,81,32,3.0,scattered clouds
586,Hsinchu,TW,24.8036,120.9686,64.11,73,15,16.96,few clouds
587,Altay,CN,47.8667,88.1167,8.94,84,99,4.59,overcast clouds
588,Kalmunai,LK,7.4167,81.8167,73.45,76,3,2.44,clear sky
589,Teplodar,UA,46.5059,30.3252,33.44,99,100,5.7,snow
590,Ugoofaaru,MV,5.6667,73.0,82.31,73,25,15.59,scattered clouds
591,Las Vegas,US,36.175,-115.1372,57.88,16,0,10.36,clear sky
592,Ha Tinh,VN,18.3333,105.9,62.82,88,100,2.82,overcast clouds
593,Kiama,AU,-34.6833,150.8667,68.58,79,100,1.99,overcast clouds
594,Pochutla,MX,15.7432,-96.4661,78.82,76,1,5.53,clear sky
595,Tateyama,JP,34.9833,139.8667,51.15,40,0,10.92,clear sky
596,Rumonge,BI,-3.9736,29.4386,69.57,84,100,3.98,overcast clouds
597,Boshnyakovo,RU,49.6333,142.1667,8.28,82,89,10.96,overcast clouds
598,Jambi,ID,-1.6,103.6167,77.68,86,98,3.4,heavy intensity rain
599,Jiuquan,CN,39.7432,98.5174,20.7,31,0,5.59,clear sky
600,Burns Lake,CA,54.2331,-125.7533,13.42,99,99,3.83,overcast clouds
601,Katsuura,JP,35.1333,140.3,48.31,39,0,16.98,clear sky
602,Pleasanton,US,37.6624,-121.8747,59.34,36,0,5.28,clear sky
603,Yambio,SS,4.5721,28.3955,69.03,29,97,3.18,overcast clouds
604,Monte Aprazivel,BR,-20.7725,-49.7142,72.25,96,100,4.27,overcast clouds
605,Montoro,ES,38.0241,-4.3834,45.07,64,0,3.09,clear sky
606,Vagur,FO,61.4732,-6.8119,40.5,72,100,21.36,overcast clouds
607,Feni,BD,23.0186,91.41,63.12,80,1,3.0,clear sky
608,Kupang,ID,-10.1667,123.5833,82.92,76,19,14.45,few clouds
609,Cap-Aux-Meules,CA,47.3821,-61.8597,15.85,73,100,3.44,overcast clouds
610,Samarai,PG,-10.6167,150.6667,82.51,74,100,9.89,light rain
611,Shache,CN,38.4167,77.2406,26.71,50,49,2.19,scattered clouds
612,Carbonia,IT,39.1672,8.5222,45.0,81,3,12.91,clear sky
613,Deloraine,AU,-41.5333,146.6667,65.23,28,47,3.6,scattered clouds
614,Sisimiut,GL,66.9395,-53.6735,6.75,89,100,11.36,light snow
615,Krasnyy Chikoy,RU,50.3643,108.7512,1.71,95,100,3.13,overcast clouds
616,Puerto Ayacucho,VE,5.6639,-67.6236,83.25,48,84,7.63,broken clouds
617,Soyo,AO,-6.1349,12.3689,77.4,87,82,6.38,broken clouds
618,Jiangyou,CN,31.7667,104.7167,41.94,79,51,3.33,broken clouds
619,Umba,RU,66.6871,34.3429,11.03,91,100,9.6,overcast clouds
620,Henties Bay,NA,-22.116,14.2845,66.85,83,85,2.89,overcast clouds
621,Naifaru,MV,5.4444,73.3657,82.36,71,1,16.55,clear sky
622,Nichinan,JP,31.6,131.3667,44.28,46,100,2.26,overcast clouds
623,Thai Binh,VN,20.45,106.3333,55.4,76,100,5.55,overcast clouds
624,Zhangye,CN,38.9342,100.4517,24.64,26,42,3.31,scattered clouds
625,Prudentopolis,BR,-25.2131,-50.9778,66.81,85,46,1.25,scattered clouds
626,Russell,US,32.3502,-85.1999,60.08,51,0,4.61,clear sky
627,Padang,ID,-0.9492,100.3543,77.05,79,100,2.55,overcast clouds
628,La Rioja,ES,42.25,-2.5,43.32,86,4,7.02,clear sky
629,Luena,AO,-11.7833,19.9167,60.17,94,73,1.63,broken clouds
630,Quelimane,MZ,-17.8786,36.8883,72.25,94,6,2.1,clear sky
631,Visnes,NO,59.3556,5.2242,39.58,75,75,29.93,drizzle
632,Yangjiang,CN,21.85,111.9667,54.95,89,99,9.31,overcast clouds
633,Sehore,IN,23.2,77.0833,58.17,60,0,2.24,clear sky
634,La Asuncion,VE,11.0333,-63.8628,76.14,85,0,13.82,clear sky
635,Peterhead,GB,57.5058,-1.7981,43.57,86,100,14.18,overcast clouds
636,La Paz,BO,-16.5,-68.15,48.18,93,75,6.91,fog
637,Springbok,ZA,-29.6643,17.8865,65.95,77,87,2.42,overcast clouds
638,Stepnyak,KZ,52.8339,70.7803,3.72,93,35,7.63,scattered clouds
639,Newcastle,AU,-32.9272,151.7765,73.81,97,100,5.99,moderate rain
640,Misratah,LY,32.3754,15.0925,55.13,55,30,26.13,scattered clouds
641,Maningrida,AU,-12.0667,134.2667,86.47,65,66,13.85,light rain
642,Wooster,US,40.8051,-81.9351,44.85,59,0,6.91,clear sky
643,Lochgilphead,GB,56.038,-5.4321,47.39,97,100,4.85,overcast clouds
644,Inuvik,CA,68.3499,-133.7218,-13.94,80,20,6.91,few clouds
645,Kitui,KE,-1.367,38.0106,61.9,87,99,2.33,overcast clouds
646,Teguise,ES,29.0605,-13.564,66.42,46,0,11.5,clear sky
647,Aksu,CN,41.1231,80.2644,20.84,56,0,1.41,clear sky
648,Noumea,NC,-22.2763,166.4572,85.98,68,93,8.9,overcast clouds
649,Warrington,GB,53.3925,-2.5802,51.91,91,100,11.99,overcast clouds
650,Barcelona,ES,41.3888,2.159,53.47,65,0,11.01,clear sky
651,Lafiagi,NG,8.8667,5.4167,70.72,17,0,3.18,clear sky
652,Yarada,IN,17.65,83.2667,68.32,100,20,2.3,mist
653,Jieshi,CN,22.8134,115.8257,56.95,82,96,18.59,light rain
654,Bonthe,SL,7.5264,-12.505,76.73,89,99,2.59,overcast clouds
655,Galveston,US,29.3669,-94.9669,66.18,92,100,1.01,mist
656,Hay River,CA,60.8156,-115.7999,-18.42,69,20,3.44,few clouds
657,Carlisle,US,40.2015,-77.1889,32.76,72,90,4.72,overcast clouds
658,Bow Island,CA,49.8668,-111.3684,0.61,78,100,0.0,overcast clouds
659,Sindi,IN,20.8,78.8667,56.28,42,5,4.12,clear sky
660,Nizhnyaya Omka,RU,55.4338,74.9426,-4.81,100,100,4.03,overcast clouds
661,Ancud,CL,-41.8697,-73.8203,60.22,94,100,4.88,overcast clouds
662,Marsabit,KE,2.3284,37.9899,69.66,46,99,6.24,overcast clouds
663,Neuquen,AR,-38.9516,-68.0591,89.49,23,0,9.22,clear sky
664,Martapura,ID,-3.4167,114.85,78.89,89,20,0.0,few clouds
665,Krasnokholmskiy,RU,55.9873,55.0466,27.97,92,100,12.97,overcast clouds
666,San Juan,AR,-31.5375,-68.5364,71.04,61,100,19.42,moderate rain
667,Bolivar,US,37.6145,-93.4105,54.9,97,100,16.73,moderate rain
668,Havelock,US,34.8791,-76.9013,43.93,76,0,3.0,clear sky
669,Jalu,LY,29.0331,21.5482,52.9,38,9,9.37,clear sky
670,Ustka,PL,54.5805,16.8619,36.05,93,100,15.61,overcast clouds
671,Pecos,US,31.4229,-103.4932,62.31,17,0,4.61,clear sky
672,Kilindoni,TZ,-7.9139,39.6668,79.36,82,100,8.97,moderate rain
673,Fenoarivo,MG,-18.933,47.4354,59.07,94,40,3.44,scattered clouds
674,Lakes Entrance,AU,-37.8811,147.981,64.17,52,64,14.85,broken clouds
675,Tavricheskoye,RU,54.5851,73.6395,12.11,100,100,4.23,overcast clouds
676,The Pas,CA,53.8251,-101.2541,-12.98,70,0,2.3,clear sky
677,Tartagal,AR,-22.5164,-63.8013,76.42,53,38,4.92,scattered clouds
678,Yarkovo,RU,57.4028,67.0786,16.61,93,100,9.46,overcast clouds
679,Srednyaya Akhtuba,RU,48.7089,44.8667,28.06,95,100,6.51,light snow
680,Aswan,EG,24.0934,32.907,51.1,53,0,4.61,clear sky
681,Ola,RU,59.5833,151.2833,6.8,77,98,11.45,overcast clouds
682,Mecca,SA,21.4267,39.8261,67.12,40,0,1.9,clear sky
683,Northam,GB,51.0333,-4.2167,49.6,90,100,15.39,overcast clouds
